few_shot_succes,task_form
0.7307692307692307,AA1
0.29292929292929293,AA2
0.009900990099009901,AA4
0.24509803921568626,AE1
0.0,AE2
0.050505050505050504,AE3
0.01,AE4
0.7281553398058253,AI2
0.039603960396039604,AI4
0.020202020202020204,AO3
0.020833333333333332,AO4
0.0,EA1
0.2,EA2
0.09090909090909091,EA3
0.0,EA4
0.0,EI1
0.0,EI2
0.0,EI3
0.0,EI4
0.21505376344086022,IA1
0.06382978723404255,IA4
0.0,IE1
0.0,IE2
0.0,IE3
0.0,IE4
