,succes_mnli_max,succes_mnli_00,succes_mnli_03,succes_mnli_05,succes_mnli_10,succes_mnli_20,succes_mnli_30,succes_mnli_40,succes_mnli_50,succes_mnli_60,succes_mnli_70,succes_mnli_80,succes_mnli_90,succes_simple_0.9999965,succes_simple_0.9999968,succes_simple_0.9999972,succes_simple_0.9999974,succes_simple_0.999996,succes_simple_0.999997
0,-0.09765473085903427,,0.11622739111346272,0.18492050034882698,0.14979179146337282,0.0015726677708863064,-0.058241331771969815,-0.09394009781121801,-0.10514973441059276,-0.09715319998365377,-0.11672297444104542,-0.12184760028898588,-0.11596771100379538,0.24660952286971038,0.30639798659423884,0.2533983114330667,0.20734273590678556,,0.14947175790264455
